{
	"scalene": {
		"averages": [
			[
				81385834.0,
				81386011.0,
				81386026.0,
				81385746.0,
				81385850.0,
				81386170.0,
				81386082.0,
				81386146.0,
				81385890.0,
				81385691.0
			],
			[
				80607741.0,
				80607893.0,
				80607921.0,
				80607913.5,
				80607497.0,
				80608365.5,
				80607749.5,
				80607873.5,
				80607757.5,
				80607969.5
			],
			[
				80378643.66666667,
				80378713.33333333,
				80378742.0,
				80379241.66666667,
				80379222.0,
				80378528.66666667,
				80378513.33333333,
				80378916.0,
				80379121.0,
				80378630.33333333
			],
			[
				80265818.5,
				80264860.75,
				80264717.0,
				80263764.5,
				80264024.5,
				80264852.75,
				80264107.0,
				80264404.5,
				80264014.5,
				80263685.0
			],
			[
				80195609.2,
				80196210.2,
				80195429.4,
				80195826.0,
				80195668.0,
				80195520.4,
				80195559.0,
				80195638.8,
				80196197.6,
				80195280.4
			],
			[
				80149950.0,
				80149748.66666667,
				80149532.66666667,
				80149600.33333333,
				80150418.16666667,
				80150047.16666667,
				80149877.83333333,
				80150316.33333333,
				80149821.83333333,
				80149832.83333333
			],
			[
				80116921.71428572,
				80116948.0,
				80116672.42857143,
				80116746.85714285,
				80117166.0,
				80117264.28571428,
				80116969.71428572,
				80117417.42857143,
				80117130.71428572,
				80116969.57142857
			],
			[
				80092425.75,
				80092477.25,
				80092389.375,
				80092646.375,
				80092252.375,
				80092386.375,
				80092375.5,
				80092620.75,
				80092496.625,
				80092456.25
			],
			[
				80073716.66666667,
				80073478.55555555,
				80073616.44444445,
				80073552.33333333,
				80073953.22222222,
				80073863.44444445,
				80073976.22222222,
				80073579.0,
				80073797.0,
				80073943.55555555
			],
			[
				80058689.8,
				80058227.6,
				80058478.6,
				80058226.0,
				80058552.5,
				80058354.6,
				80058261.2,
				80058304.3,
				80058175.6,
				80058522.8
			]
		],
		"totals": [
			[
				81385834.0,
				81386011.0,
				81386026.0,
				81385746.0,
				81385850.0,
				81386170.0,
				81386082.0,
				81386146.0,
				81385890.0,
				81385691.0
			],
			[
				161215482.0,
				161215786.0,
				161215842.0,
				161215827.0,
				161214994.0,
				161216731.0,
				161215499.0,
				161215747.0,
				161215515.0,
				161215939.0
			],
			[
				241135931.0,
				241136140.0,
				241136226.0,
				241137725.0,
				241137666.0,
				241135586.0,
				241135540.0,
				241136748.0,
				241137363.0,
				241135891.0
			],
			[
				321063274.0,
				321059443.0,
				321058868.0,
				321055058.0,
				321056098.0,
				321059411.0,
				321056428.0,
				321057618.0,
				321056058.0,
				321054740.0
			],
			[
				400978046.0,
				400981051.0,
				400977147.0,
				400979130.0,
				400978340.0,
				400977602.0,
				400977795.0,
				400978194.0,
				400980988.0,
				400976402.0
			],
			[
				480899700.0,
				480898492.0,
				480897196.0,
				480897602.0,
				480902509.0,
				480900283.0,
				480899267.0,
				480901898.0,
				480898931.0,
				480898997.0
			],
			[
				560818452.0,
				560818636.0,
				560816707.0,
				560817228.0,
				560820162.0,
				560820850.0,
				560818788.0,
				560821922.0,
				560819915.0,
				560818787.0
			],
			[
				640739406.0,
				640739818.0,
				640739115.0,
				640741171.0,
				640738019.0,
				640739091.0,
				640739004.0,
				640740966.0,
				640739973.0,
				640739650.0
			],
			[
				720663450.0,
				720661307.0,
				720662548.0,
				720661971.0,
				720665579.0,
				720664771.0,
				720665786.0,
				720662211.0,
				720664173.0,
				720665492.0
			],
			[
				800586898.0,
				800582276.0,
				800584786.0,
				800582260.0,
				800585525.0,
				800583546.0,
				800582612.0,
				800583043.0,
				800581756.0,
				800585228.0
			]
		]
	},
	"pympler": {
		"averages": [
			[
				80000144.0,
				80000144.0,
				80000144.0,
				80000144.0,
				80000144.0,
				80000144.0,
				80000144.0,
				80000144.0,
				80000144.0,
				80000144.0
			],
			[
				80000144.0,
				80000144.0,
				80000144.0,
				80000144.0,
				80000144.0,
				80000144.0,
				80000144.0,
				80000144.0,
				80000144.0,
				80000144.0
			],
			[
				80000144.0,
				80000144.0,
				80000144.0,
				80000144.0,
				80000144.0,
				80000144.0,
				80000144.0,
				80000144.0,
				80000144.0,
				80000144.0
			],
			[
				80000144.0,
				80000144.0,
				80000144.0,
				80000144.0,
				80000144.0,
				80000144.0,
				80000144.0,
				80000144.0,
				80000144.0,
				80000144.0
			],
			[
				80000144.0,
				80000144.0,
				80000144.0,
				80000144.0,
				80000144.0,
				80000144.0,
				80000144.0,
				80000144.0,
				80000144.0,
				80000144.0
			],
			[
				80000144.0,
				80000144.0,
				80000144.0,
				80000144.0,
				80000144.0,
				80000144.0,
				80000144.0,
				80000144.0,
				80000144.0,
				80000144.0
			],
			[
				80000144.0,
				80000144.0,
				80000144.0,
				80000144.0,
				80000144.0,
				80000144.0,
				80000144.0,
				80000144.0,
				80000144.0,
				80000144.0
			],
			[
				80000144.0,
				80000144.0,
				80000144.0,
				80000144.0,
				80000144.0,
				80000144.0,
				80000144.0,
				80000144.0,
				80000144.0,
				80000144.0
			],
			[
				80000144.0,
				80000144.0,
				80000144.0,
				80000144.0,
				80000144.0,
				80000144.0,
				80000144.0,
				80000144.0,
				80000144.0,
				80000144.0
			],
			[
				80000144.0,
				80000144.0,
				80000144.0,
				80000144.0,
				80000144.0,
				80000144.0,
				80000144.0,
				80000144.0,
				80000144.0,
				80000144.0
			]
		],
		"totals": [
			[
				80000144,
				80000144,
				80000144,
				80000144,
				80000144,
				80000144,
				80000144,
				80000144,
				80000144,
				80000144
			],
			[
				160000288,
				160000288,
				160000288,
				160000288,
				160000288,
				160000288,
				160000288,
				160000288,
				160000288,
				160000288
			],
			[
				240000432,
				240000432,
				240000432,
				240000432,
				240000432,
				240000432,
				240000432,
				240000432,
				240000432,
				240000432
			],
			[
				320000576,
				320000576,
				320000576,
				320000576,
				320000576,
				320000576,
				320000576,
				320000576,
				320000576,
				320000576
			],
			[
				400000720,
				400000720,
				400000720,
				400000720,
				400000720,
				400000720,
				400000720,
				400000720,
				400000720,
				400000720
			],
			[
				480000864,
				480000864,
				480000864,
				480000864,
				480000864,
				480000864,
				480000864,
				480000864,
				480000864,
				480000864
			],
			[
				560001008,
				560001008,
				560001008,
				560001008,
				560001008,
				560001008,
				560001008,
				560001008,
				560001008,
				560001008
			],
			[
				640001152,
				640001152,
				640001152,
				640001152,
				640001152,
				640001152,
				640001152,
				640001152,
				640001152,
				640001152
			],
			[
				720001296,
				720001296,
				720001296,
				720001296,
				720001296,
				720001296,
				720001296,
				720001296,
				720001296,
				720001296
			],
			[
				800001440,
				800001440,
				800001440,
				800001440,
				800001440,
				800001440,
				800001440,
				800001440,
				800001440,
				800001440
			]
		]
	},